Forename,Tutor Initials,Tutor Name,Room Number
Abigail,KMO,Kate Morrissey,101
Adam,JLE,Jenny Lee,7
Adil,SSI,Sukan Singh,1
Ahmed,PFR,Philip Freeman,12
Aminat,SSI,Sukan Singh,1
Amy,CSC,Chris Scott,13
April,UOG,Udoka Ogbue,21
Asa,MPV,Milana Pavlov,102
Benjamin,CSC,Chris Scott,13
Bethany,CSC,Chris Scott,13
Brianna,BSA,Brian Sargent,22
Brooke,UOG,Udoka Ogbue,21
Bryony,DBR,Duncan Brown,23
Christopher,DBR,Duncan Brown,23
Claire,GBR,Graham Brown,59
Conner,SES,Shahad El Sharrief,74
Connor,SPA,Shahad El Sharrief,74
Curtis,CSC,Chris Scott,13
Daniel,CSC,Chris Scott,13
Dikpah,JLE,Jenny Lee,7
Duncan,KMO,Kate Morrissey,101
Dynalyn,KMO,Kate Morrissey,101
Edna,WNG,William Ng,60
Elizabeth,WNG,William Ng,60
Ellen,KMO,Kate Morrissey,101
Emma,KMO,Kate Morrissey,101
Ethan,SSI,Sukan Singh,1
Fiona,UOG,Udoka Ogbue,21
Francesca,GBR,Graham Brown,59
Gemma,KMO,Kate Morrissey,101
Georgia,SSI,Sukan Singh,1
Geraldene,UOG,Udoka Ogbue,21
Grace,SES,Shahad El Sharrief,74
Gwynn,MAR,Mike Arnott,4
Hannah,UOG,Udoka Ogbue,21
Harry,MAR,Mike Arnott,4
Hartati,KMO,Kate Morrissey,101
Hazel,SSI,Sukan Singh,1
Holly,DBR,Duncan Brown,23
Isabel,JLE,Jenny Lee,7
Jack,BVW,Brynn Von Willibrand,78
Jake,WNG,William Ng,60
Jamal,WNG,William Ng,60
James,JLE,Jenny Lee,7
Jamie,SPA,Shahad El Sharrief,74
Jasmine,PFR,Philip Freeman,12
Jemma,WNG,William Ng,60
Joseph,BSA,Brian Sargent,22
Jovy,SPA,Shahad El Sharrief,74
Kiah,KMO,Kate Morrissey,101
Kristy,SSI,Sukan Singh,1
Laura,SPA,Shahad El Sharrief,74
Lauren,PFR,Philip Freeman,12
Leah,JLE,Jenny Lee,7
Lee,BVW,Brynn Von Willibrand,78
Liam,JLE,Jenny Lee,7
Lilik,SPA,Shahad El Sharrief,74
Linzi,SES,Shahad El Sharrief,74
Louise,BVW,Brynn Von Willibrand,78
Luke,GBR,Graham Brown,59
Magano,BSA,Brian Sargent,22
Margie,DBR,Duncan Brown,23
Megan,MAR,Mike Arnott,4
Melica,MPV,Milana Pavlov,102
Mikaela,MAR,Mike Arnott,4
Milade,BVW,Brynn Von Willibrand,78
Milana,BVW,Brynn Von Willibrand,78
Muyunda,SSI,Sukan Singh,1
Neti,SES,Shahad El Sharrief,74
Olivia,BSA,Brian Sargent,22
Pauline,BSA,Brian Sargent,22
Peter,SES,Shahad El Sharrief,74
Rachel,SSI,Sukan Singh,1
Rebecca,PFR,Philip Freeman,12
Sabastian,KMO,Kate Morrissey,101
Sam,UOG,Udoka Ogbue,21
Sarah,MAR,Mike Arnott,4
Shannon,UOG,Udoka Ogbue,21
Silvia,JLE,Jenny Lee,7
Siodena,KMO,Kate Morrissey,101
Steven,GBR,Graham Brown,59
Sukrit,CSC,Chris Scott,13
Thirumalar,CSC,Chris Scott,13
Thomas,SPA,Shahad El Sharrief,74
Tolani,MAR,Mike Arnott,4
Udoka,BSA,Brian Sargent,22
Umpala,SSI,Sukan Singh,1
William,WNG,William Ng,60
Yolanda,SSI,Sukan Singh,1
Zoe,SPA,Shahad El Sharrief,74
